{
	"class_name" : "PinholeCameraParameters",
	"extrinsic" : 
	[
		-0.89694357894788879,
		0.062947656026305421,
		-0.43764118725840506,
		0.0,
		0.44195182135323535,
		0.15689850170043018,
		-0.88321087389519737,
		0.0,
		0.013069192274593643,
		-0.98560664200529524,
		-0.1685489348774879,
		0.0,
		0.025606345529178738,
		1.3397016259603882,
		8.7109745067049698,
		1.0
	],
	"intrinsic" : 
	{
		"height" : 643,
		"intrinsic_matrix" : 
		[
			556.85433463339405,
			0.0,
			0.0,
			0.0,
			556.85433463339405,
			0.0,
			405.0,
			321.0,
			1.0
		],
		"width" : 811
	},
	"version_major" : 1,
	"version_minor" : 0
}