{
    "camera_matrix": [
        [
            799.9797574538411,
            0.0,
            683.8206617109913
        ],
        [
            0.0,
            806.259992558838,
            420.0756101460211
        ],
        [
            0.0,
            0.0,
            1.0
        ]
    ],
    "dist_coeff": [
        [
            -0.004738790660172353,
            0.12490972373325128,
            0.00036987201699093745,
            0.0004222081459442506,
            -0.16144977879177944
        ]
    ]
}